date,time,request_id,intervention,action,editor,profile_id,profile_type
18-04-2025,04:51:49.729,GDdQhElUN_ZpXEUAAMNB,Create Quiz Bank,Description,tiny-react_74011331421744951907568,119997,ADVISOR
18-04-2025,04:15:55.340,GDdOjq20MTExehMAAMDB,Create Activity,Description,tiny-react_87522006121744949753806,61146,ADVISOR
21-04-2025,04:15:12.788,GDg6QnldbHrBaNsABEih,Edit Quest,Description,tiny-react_63605871741745208912949,120903,ADVISOR
21-04-2025,05:37:30.224,GDg,Create Quiz Bank,Description,tiny-react_33801816551745213849684,61146,ADVISOR
21-04-2025,05:41:41.999,GDg,Create Quiz Bank,Description,tiny-react_99496398821745214101195,61146,ADVISOR
21-04-2025,05:49:29.758,GDg_Z5cBaR_2AfwABH5x,Edit Learning Path,Description,tiny-react_93808540031745214569412,61146,ADVISOR
21-04-2025,05:51:08.793,GDg_fqX37a8CVkwABH_x,Create Quiz Bank,Description,tiny-react_79646405821745214667766,61146,ADVISOR
21-04-2025,05:52:57.130,GDg_l99pe9nTFM0ABIEh,Create Quiz Bank,Description,tiny-react_60553514721745214776116,61146,ADVISOR
21-04-2025,05:55:07.345,GDg_tjC4mgXVO3cABINB,Create Quiz Bank,Description,tiny-react_86812104631745214906675,61146,ADVISOR
21-04-2025,04:15:12.825,GDg6QnuJxiPdOdEABE3R,Edit Quest,Course Outcome,tiny-react_34070473451745208912949,120903,ADVISOR
21-04-2025,05:34:52.472,GDg,Create Quiz Bank,Description,tiny-react_56768753941745213691944,61146,ADVISOR
21-04-2025,05:37:38.866,GDg,Create Quiz Bank,Description,tiny-react_90144629261745213858285,61146,ADVISOR
21-04-2025,05:49:38.622,GDg_aacvZltpum4ABIMR,Edit Learning Path,Description,tiny-react_30270623741745214578328,61146,ADVISOR
21-04-2025,04:44:15.691,GDg72EZ13h_VwiIABFwR,Quest Scorecard,Email Body,tiny-react_8293241031745210655112,61146,ADVISOR
21-04-2025,04:54:53.614,GDg8bM2sa4C4oCIABGDR,Add task to project,Task description,tiny-react_76321220421745211292899,61146,ADVISOR
21-04-2025,05:30:47.273,GDg,Create Quiz Bank,Description,tiny-react_15407252921745213445359,61146,ADVISOR
21-04-2025,05:35:09.216,GDg,Create Quiz Bank,Description,tiny-react_63379855521745213708181,61146,ADVISOR
21-04-2025,05:39:23.691,GDg,Create Quiz Bank,Description,tiny-react_77022288631745213962866,61146,ADVISOR
21-04-2025,05:40:07.513,GDg,Create Quiz Bank,Description,tiny-react_60255034521745214006806,61146,ADVISOR
21-04-2025,05:34:49.327,GDg,Create Activity,Description,tiny-react_23546645731745213688683,61146,ADVISOR
21-04-2025,05:48:13.216,GDg_VcS1Yn6EAIQABH7R,Edit Learning Path,Description,tiny-react_44408659121745214492616,61146,ADVISOR
23-04-2025,03:59:13.880,GDjWjFialTQ80MQACDLB,Create Activity,Description,tiny-react_1931891371745380753694,61146,ADVISOR
23-04-2025,04:20:06.516,GDjXr_,Create Activity,Description,tiny-react_62102058021745382005132,61146,ADVISOR
23-04-2025,04:22:41.688,GDjX1CB_YVYTyyEACD_x,Create Activity,Description,tiny-react_80136782531745382160749,61146,ADVISOR
23-04-2025,04:29:17.153,GDjYMDQKSMrsfWgACELB,Edit Activity,Description,tiny-react_12626766721745382555636,61146,ADVISOR
23-04-2025,04:31:09.952,GDjYSndi9MOUEJQACEQh,Create Activity,Description,tiny-react_48520081121745382668741,61146,ADVISOR
23-04-2025,04:37:34.107,GDjYo,Edit Learning Path,Description,tiny-react_18612120921745383052710,61146,ADVISOR
23-04-2025,03:55:31.159,GDjWWH1daWWtu1QACDUR,Create New Resource,Introduction,tiny-react_51650589921745380526923,61146,ADVISOR
23-04-2025,03:59:18.068,GDjWjVIqtkKCzPcACDdx,Create Activity,Question 1,tiny-react_36343308681745380757892,61146,ADVISOR
23-04-2025,04:28:11.824,GDjYIP4a60ZJH5YACEaB,Edit Activity,Description,tiny-react_46756876051745382490773,61146,ADVISOR
23-04-2025,04:30:05.449,GDjYO3KTl2DNgNkACEiR,Edit Activity,Description,tiny-react_37210142921745382604247,61146,ADVISOR
23-04-2025,05:02:16.268,GDjZ_QB3pCZPR7gACGOR,Edit Quest,Course Outcome,tiny-react_76562446551745384535853,61146,ADVISOR
23-04-2025,05:06:36.963,GDjaObMXN7qfyowACGWR,Edit Resource,Introduction,tiny-react_64684631421745384796767,61146,ADVISOR
23-04-2025,03:55:31.165,GDjWWH2,Create New Resource,Write Up,tiny-react_8660556031745380528755,61146,ADVISOR
23-04-2025,03:58:01.335,GDjWe3Sbbi22J1MACDOB,Create New Quest,Course Outcome,tiny-react_59155507651745380681134,61146,ADVISOR
23-04-2025,04:20:39.068,GDjXt5PMLXdu7,Edit Activity,Description,tiny-react_94432955521745382037847,61146,ADVISOR
23-04-2025,04:23:45.139,GDjX4uZ,Edit Activity,Description,tiny-react_95497559021745382223891,61146,ADVISOR
23-04-2025,04:28:56.435,GDjYK2Ek16pQxTkACESx,Edit Learning Path,Description,tiny-react_16766119021745382535129,61146,ADVISOR
23-04-2025,04:37:11.981,GDjYnsH_cpm7_g4ACEnx,Edit Activity,Description,tiny-react_92589845041745383031109,61146,ADVISOR
23-04-2025,05:06:36.971,GDjaObOlRYG6QOMACGOB,Edit Resource,Write Up,tiny-react_33178476031745384796768,61146,ADVISOR
23-04-2025,05:17:10.691,GDjazUA_HbaXpcwACGex,Edit Activity,Description,tiny-react_26159008221745385430130,61146,ADVISOR
23-04-2025,03:58:01.310,GDjWe3MM_9XTjKIACDNx,Create New Quest,Description,tiny-react_86596646641745380681134,61146,ADVISOR
23-04-2025,03:58:25.615,GDjWgRu79TGN6KMACDRB,Create New Learning Path,Description,tiny-react_39828453361745380705437,61146,ADVISOR
23-04-2025,04:01:36.142,GDjWrXgH90VwIEcACDdh,Add task to project,Task description,tiny-react_85950304721745380895875,61146,ADVISOR
23-04-2025,05:02:16.243,GDjZ_P76qyZyjU8ACGEB,Edit Quest,Description,tiny-react_19168223441745384535853,61146,ADVISOR
23-04-2025,05:17:22.498,GDjaz__yWY4XhXAACGeB,Create Activity,Description,tiny-react_81533453421745385442139,61146,ADVISOR
22-04-2025,04:18:54.087,GDiJCpEgtnsiNcYABh3R,Create Quiz Bank,Description,tiny-react_68705445321745295533541,61146,ADVISOR
22-04-2025,04:23:21.712,GDiJSODO31tDzmkABiFx,Edit Quest,Description,tiny-react_2972744941745295801356,61146,ADVISOR
22-04-2025,04:28:31.929,GDiJkRs02eBQhwYABiah,Edit Quest,Course Outcome,tiny-react_61338705751745296111595,61146,ADVISOR
22-04-2025,04:34:11.432,GDiJ4CchjolZbGMABioR,Edit Learning Path,Description,tiny-react_54179975421745296451215,61146,ADVISOR
22-04-2025,05:37:46.010,GDiNWE2w6BGAWj4ABkHB,Add task to project,Task description,tiny-react_69831651621745300264666,121092,ADVISOR
22-04-2025,05:42:56.761,GDiNoKfmPfqp4TUABkRx,Add task to project,Task description,tiny-react_9202012321745300575730,121092,ADVISOR
22-04-2025,05:43:46.195,GDiNrCpkTaPEKIwABkUR,Add task to project,Task description,tiny-react_47335317221745300625222,121092,ADVISOR
22-04-2025,05:46:24.914,GDiN0R7QpnVRHAMABkaB,Add task to project,Task description,tiny-react_38884046421745300783935,121092,ADVISOR
22-04-2025,05:47:02.282,GDiN2dIDGWzxmdIABkcB,Add task to project,Task description,tiny-react_15375548221745300821269,121092,ADVISOR
22-04-2025,05:49:24.643,GDiN,Add task to project,Task description,tiny-react_57821951721745300963597,121092,ADVISOR
22-04-2025,05:51:29.265,GDiOF_t9BsZwN1MABkoB,Add task to project,Task description,tiny-react_41845197021745301088295,121092,ADVISOR
22-04-2025,05:52:16.864,GDiOIxCoDufV40YABkqR,Add task to project,Task description,tiny-react_59976040721745301135846,121092,ADVISOR
22-04-2025,05:55:38.295,GDiOUfbbfHoEoq4ABk6B,Create Quiz Bank,Description,tiny-react_19513759821745301338134,61146,ADVISOR
22-04-2025,06:15:57.894,GDiPbeyd,Quest Scorecard,Email Body,tiny-react_84709702731745302556714,121092,ADVISOR
22-04-2025,08:32:02.073,GDiW2stZg0PgG3EABsnx,Edit Resource,Introduction,tiny-react_44084845821745310721143,61146,ADVISOR
22-04-2025,08:36:30.902,GDiXGWMY0XTkbCoABtcR,Edit Learning Path,Description,tiny-react_41706036021745310990033,61146,ADVISOR
22-04-2025,08:44:58.626,GDiXj5nOUr2Z188ABubR,Edit Learning Path,Description,tiny-react_52405437921745311497740,61146,ADVISOR
22-04-2025,08:45:20.957,GDiXlMzfBsOJhYIABufR,Edit Learning Path,Description,tiny-react_38808199421745311520276,61146,ADVISOR
22-04-2025,08:49:26.552,GDiXzftiC34yOu0ABu5R,Project Creation-Details,Submission Guide,tiny-react_32673948831745311765612,61146,ADVISOR
22-04-2025,09:07:38.721,GDiYzEW2zwcbqFIABwYR,Project Creation-Details,Detailed Description,tiny-react_95332810121745312857819,61146,ADVISOR
22-04-2025,09:56:59.361,GDibfZmrMwO_nhYAByKR,Add task to project,Task description,tiny-react_52261660221745315817556,120070,ADVISOR
22-04-2025,10:13:24.692,GDicYwP_h4FvVloABzjR,Add task to project,Task description,tiny-react_20635223621745316802884,120070,ADVISOR
22-04-2025,10:15:42.062,GDicgv_YvvEYplMABznh,Add task to project,Task description,tiny-react_56387089821745316940299,120070,ADVISOR
22-04-2025,10:16:29.287,GDicjf6xNCHk0FgABzpR,Add task to project,Task description,tiny-react_93992775121745316987492,120070,ADVISOR
22-04-2025,10:21:34.903,GDic1SbboAXQFJkABzxB,Add task to project,Task description,tiny-react_5188523221745317293119,120070,ADVISOR
22-04-2025,10:24:10.691,GDic,Add task to project,Task description,tiny-react_18394118221745317449225,120070,ADVISOR
22-04-2025,10:25:07.685,GDidBrGcnflbSrsABz7R,Add task to project,Task description,tiny-react_10416557421745317506148,120070,ADVISOR
22-04-2025,10:33:43.964,GDidfuY9ahJ1u1gAB0LB,Add task to project,Task description,tiny-react_38868735821745318022480,120070,ADVISOR
22-04-2025,10:36:58.075,GDidrBgwSalYPxgAB0PR,Add task to project,Task description,tiny-react_60683754721745318216632,120070,ADVISOR
22-04-2025,10:37:33.886,GDidtG61Y6zYHuwAB0Sh,Add task to project,Task description,tiny-react_47798102621745318252605,120070,ADVISOR
22-04-2025,10:38:24.337,GDidwC3G8qJql_MAB0Ux,Add task to project,Task description,tiny-react_31248798821745318302888,120070,ADVISOR
22-04-2025,10:38:53.179,GDidxuTiTwZJJQUAB0WR,Add task to project,Task description,tiny-react_1195061921745318331908,120070,ADVISOR
22-04-2025,11:27:42.523,GDigcO9rFOwoDo8AB1fB,Add task to project,Task description,tiny-react_70331206121745321262934,61146,ADVISOR
22-04-2025,11:29:54.774,GDigj7ouATKwuOsAB1pB,Add task to project,Task description,tiny-react_18534602121745321395367,61146,ADVISOR
22-04-2025,08:31:30.289,GDiW02UfvsaGSZYABsyR,Edit Learning Path,Description,tiny-react_74906087921745310688727,61146,ADVISOR
22-04-2025,08:32:33.941,GDiW4jcLvYt3icYABtCB,Add task to project,Task description,tiny-react_87885387221745310751496,120070,ADVISOR
22-04-2025,08:33:07.179,GDiW6fQpthpQ3bIABtKR,Edit Quest,Description,tiny-react_47006210241745310787558,119879,ADVISOR
22-04-2025,08:41:02.703,GDiXWKuJA0FqxA4ABuWB,Create Activity,Description,tiny-react_82332077621745311261760,61146,ADVISOR
22-04-2025,08:43:45.920,GDiXfqwlYvtJ7YsABumx,Edit Activity,Description,tiny-react_61918403421745311424899,61146,ADVISOR
22-04-2025,08:46:49.802,GDiXqXxZ1wsC6MEABu_B,Edit Learning Path,Description,tiny-react_37084696621745311608897,61146,ADVISOR
22-04-2025,08:47:10.325,GDiXrkOhJ5s7ORcABvBx,Edit Resource,Write Up,tiny-react_30676612231745311629491,61146,ADVISOR
22-04-2025,08:49:26.516,GDiXzfkz0absGssABvOR,Project Creation-Details,Detailed Description,tiny-react_92134555821745311765611,61146,ADVISOR
22-04-2025,08:50:10.018,GDiX2BodOYWrACUABvTB,Edit Quest,Course Outcome,tiny-react_67339691051745311810272,119879,ADVISOR
22-04-2025,08:55:13.937,GDiYHt0pAMN96agABvsh,Project Creation-Activities,Description,tiny-react_88759447161745312113398,61146,ADVISOR
22-04-2025,08:56:35.204,GDiYMckJjG2e9kwABv2x,Project Creation-Activities,Description,tiny-react_47907088781745312194633,61146,ADVISOR
22-04-2025,09:07:38.722,GDiYzEW8eHfiSj4ABwtB,Project Creation-Details,Evaluation Criteria,tiny-react_10440348141745312857820,61146,ADVISOR
22-04-2025,09:58:17.269,GDibj71FfuXA,Quest Scorecard,Email Body,tiny-react_94871789531745315896398,61146,ADVISOR
22-04-2025,10:10:31.559,GDicOrRp466uTksABzyh,Add task to project,Task description,tiny-react_26849289121745316629781,120070,ADVISOR
22-04-2025,10:19:46.811,GDicu_v_AZla7JkAB0CR,Add task to project,Task description,tiny-react_89488835421745317184900,120070,ADVISOR
22-04-2025,10:27:24.402,GDidJoaHp6_MpfYAB0VR,Add task to project,Task description,tiny-react_90106008521745317642871,120070,ADVISOR
22-04-2025,10:28:29.093,GDidNZZsVwQKHGQAB0XB,Add task to project,Task description,tiny-react_65309289521745317707597,120070,ADVISOR
22-04-2025,10:30:17.231,GDidTsP12aY4lUkAB0Zh,Add task to project,Task description,tiny-react_48901669321745317815534,120070,ADVISOR
22-04-2025,10:32:33.443,GDidbnraFK5rZUYAB0ch,Add task to project,Task description,tiny-react_29519554521745317951893,120070,ADVISOR
22-04-2025,10:39:21.769,GDidzYz1y4SzNCcAB0rR,Add task to project,Task description,tiny-react_61763607621745318360298,120070,ADVISOR
22-04-2025,11:11:30.680,GDifjqkCz1wp7GoAB1cR,Quest Scorecard,Email Body,tiny-react_26172835231745320289782,61146,ADVISOR
22-04-2025,11:17:36.955,GDif4_CsLsfGLLwAB1jB,Add task to project,Task description,tiny-react_43745491221745320655379,120070,ADVISOR
22-04-2025,11:18:50.445,GDif9Qz,Add task to project,Task description,tiny-react_36087994321745320728835,120070,ADVISOR
22-04-2025,11:30:36.881,GDigmYfq1,Add task to project,Task description,tiny-react_85905397521745321437286,61146,ADVISOR
22-04-2025,11:31:14.685,GDigolUkvqUcSdYAB2Ax,Add task to project,Task description,tiny-react_53428847621745321474940,61146,ADVISOR
22-04-2025,08:33:07.221,GDiW6fbD5wcmfagABtAB,Edit Quest,Course Outcome,tiny-react_55621893651745310787558,119879,ADVISOR
22-04-2025,08:51:04.283,GDiX5Lyc0tTv7fUABvOB,Add task to project,Task description,tiny-react_50987775321745311864686,119879,ADVISOR
22-04-2025,08:55:51.810,GDiYJ66ZFCMgR6UABvnB,Project Creation-Activities,Description,tiny-react_69195798671745312151325,61146,ADVISOR
22-04-2025,09:36:48.597,GDiaY7KKAxQaCU8ABxfx,Edit Activity,Description,tiny-react_23088921321745314607620,61146,ADVISOR
22-04-2025,09:50:39.946,GDibJULOLxcSAGkABx3B,Add task to project,Task description,tiny-react_11711893721745315437879,120070,ADVISOR
22-04-2025,09:55:27.862,GDibaEvzeN5reu8AByIR,Add task to project,Task description,tiny-react_62518491721745315726009,120070,ADVISOR
22-04-2025,10:00:46.959,GDibspeUK7QMjw4ABykB,Add task to project,Task description,tiny-react_79317988421745316045169,120070,ADVISOR
22-04-2025,10:01:27.986,GDibvCT8Kt3nikwABypB,Add task to project,Task description,tiny-react_61412891121745316086197,120070,ADVISOR
22-04-2025,10:07:22.971,GDicDsuT2J3f1LgABzgB,Add task to project,Task description,tiny-react_79244096921745316441205,120070,ADVISOR
22-04-2025,10:22:45.298,GDic5Yq1EGnW4PEABz,Add task to project,Task description,tiny-react_76783122721745317363482,120070,ADVISOR
22-04-2025,10:25:42.896,GDidDuRZvPEE9dgAB0Gh,Add task to project,Task description,tiny-react_38060025621745317541381,120070,ADVISOR
22-04-2025,10:35:47.228,GDidm5lZL66delkAB0XB,Add task to project,Task description,tiny-react_19735149421745318145624,120070,ADVISOR
22-04-2025,10:41:35.466,GDid7K3,Add task to project,Task description,tiny-react_8275212721745318494036,120070,ADVISOR
22-04-2025,11:11:14.378,GDifit1eD4k4FDEAB1RR,Quest Scorecard,Email Body,tiny-react_58478122231745320272253,61146,ADVISOR
22-04-2025,11:29:24.087,GDigiJUX2kYDVBcAB1xB,Add task to project,Task description,tiny-react_84717368321745321364452,61146,ADVISOR
22-04-2025,06:16:58.794,GDiPfBqGZTemSWsABmLh,Quest Scorecard,Email Body,tiny-react_21716041731745302617875,121092,ADVISOR
22-04-2025,07:07:09.152,GDiSOQHhr647AzUABnaB,Quest Scorecard,Email Body,tiny-react_63001224831745305628238,61146,ADVISOR
22-04-2025,08:32:02.100,GDiW2s0p_ZirTOIABsxB,Edit Resource,Write Up,tiny-react_56677823331745310721144,61146,ADVISOR
22-04-2025,08:34:24.576,GDiW,Edit Learning Path,Description,tiny-react_96556193721745310863659,61146,ADVISOR
22-04-2025,08:34:51.556,GDiXAkGK_yiF0SgABtUR,Edit Learning Path,Description,tiny-react_95027234221745310890695,61146,ADVISOR
22-04-2025,08:35:29.958,GDiXCzKAxsZmXugABtaR,Edit Learning Path,Description,tiny-react_59464346921745310929001,61146,ADVISOR
22-04-2025,08:44:36.665,GDiXinzC_xjP6rAABuix,Edit Activity,Description,tiny-react_54904973741745311476148,61146,ADVISOR
22-04-2025,08:47:10.325,GDiXrkOgBlFdfigABu1x,Edit Resource,Introduction,tiny-react_26246603721745311629490,61146,ADVISOR
22-04-2025,08:49:26.576,GDiXzfzIL2onfwIABvBx,Project Creation-Details,Evaluation Criteria,tiny-react_81441800641745311765612,61146,ADVISOR
22-04-2025,08:50:09.982,GDiX2BgB8LzADFIABvGB,Edit Quest,Description,tiny-react_2744033341745311810272,119879,ADVISOR
22-04-2025,08:54:25.712,GDiYE6Kx7aWx03kABvXB,Project Creation-Activities,Description,tiny-react_53941978851745312065156,61146,ADVISOR
22-04-2025,08:57:10.983,GDiYOh2k0Jia34YABvvx,Project Creation-Activities,Description,tiny-react_45170280091745312230507,61146,ADVISOR
22-04-2025,09:07:38.722,GDiYzEW5FUn5bpAABwhB,Project Creation-Details,Submission Guide,tiny-react_5978867331745312857819,61146,ADVISOR
22-04-2025,09:07:45.017,GDiYzbz7jXrOBA0ABwhR,Project Creation-Activities,Description,tiny-react_14855416251745312864466,61146,ADVISOR
22-04-2025,09:55:00.704,GDibYfkdiZ4OuosAByBx,Add task to project,Task description,tiny-react_13270349221745315698812,120070,ADVISOR
22-04-2025,10:00:00.950,GDibp,Add task to project,Task description,tiny-react_30634365921745315998804,120070,ADVISOR
22-04-2025,10:11:50.197,GDicTQOaCTlogGcABzpR,Add task to project,Task description,tiny-react_84371976221745316708364,120070,ADVISOR
22-04-2025,10:33:05.236,GDiddeHNPXz8a8IAB0Sx,Add task to project,Task description,tiny-react_99202319421745317983760,120070,ADVISOR
22-04-2025,10:43:34.343,GDieCFuS18Tx5wMAB0tR,Add task to project,Task description,tiny-react_88103075521745318612593,120070,ADVISOR
22-04-2025,11:17:01.422,GDif26rMvY_jRrAAB1WB,Add task to project,Task description,tiny-react_63937933321745320619789,120070,ADVISOR
22-04-2025,11:18:06.679,GDif6txfWdH6rDYAB1Yx,Add task to project,Task description,tiny-react_17897626621745320685127,120070,ADVISOR
22-04-2025,11:19:21.397,GDif_EHslPuOQqQAB1bh,Add task to project,Task description,tiny-react_1577876421745320759851,120070,ADVISOR
22-04-2025,08:33:07.221,GDiW6fbD5wcmfagABtAB,Edit Quest,Course Outcome,tiny-react_55621893651745310787558,119879,ADVISOR
22-04-2025,08:51:04.283,GDiX5Lyc0tTv7fUABvOB,Add task to project,Task description,tiny-react_50987775321745311864686,119879,ADVISOR
22-04-2025,08:55:51.810,GDiYJ66ZFCMgR6UABvnB,Project Creation-Activities,Description,tiny-react_69195798671745312151325,61146,ADVISOR
22-04-2025,09:36:48.597,GDiaY7KKAxQaCU8ABxfx,Edit Activity,Description,tiny-react_23088921321745314607620,61146,ADVISOR
22-04-2025,09:50:39.946,GDibJULOLxcSAGkABx3B,Add task to project,Task description,tiny-react_11711893721745315437879,120070,ADVISOR
22-04-2025,09:55:27.862,GDibaEvzeN5reu8AByIR,Add task to project,Task description,tiny-react_62518491721745315726009,120070,ADVISOR
22-04-2025,10:00:46.959,GDibspeUK7QMjw4ABykB,Add task to project,Task description,tiny-react_79317988421745316045169,120070,ADVISOR
22-04-2025,10:01:27.986,GDibvCT8Kt3nikwABypB,Add task to project,Task description,tiny-react_61412891121745316086197,120070,ADVISOR
22-04-2025,10:07:22.971,GDicDsuT2J3f1LgABzgB,Add task to project,Task description,tiny-react_79244096921745316441205,120070,ADVISOR
22-04-2025,10:22:45.298,GDic5Yq1EGnW4PEABz,Add task to project,Task description,tiny-react_76783122721745317363482,120070,ADVISOR
22-04-2025,10:25:42.896,GDidDuRZvPEE9dgAB0Gh,Add task to project,Task description,tiny-react_38060025621745317541381,120070,ADVISOR
22-04-2025,10:35:47.228,GDidm5lZL66delkAB0XB,Add task to project,Task description,tiny-react_19735149421745318145624,120070,ADVISOR
22-04-2025,10:41:35.466,GDid7K3,Add task to project,Task description,tiny-react_8275212721745318494036,120070,ADVISOR
22-04-2025,11:11:14.378,GDifit1eD4k4FDEAB1RR,Quest Scorecard,Email Body,tiny-react_58478122231745320272253,61146,ADVISOR
22-04-2025,11:29:24.087,GDigiJUX2kYDVBcAB1xB,Add task to project,Task description,tiny-react_84717368321745321364452,61146,ADVISOR
21-04-2025,06:05:53.630,GDhATKpqc4kcHmwABI8x,Edit Quest,Description,tiny-react_32909815441745215553027,61146,ADVISOR
21-04-2025,07:01:12.824,GDhDUXnB,Create Quiz,Description,tiny-react_99647348421745218872499,61146,ADVISOR
21-04-2025,07:02:23.150,GDhDYdmHTK4Emd8ABLEh,Quiz Bank,Single-Correct-Question,tiny-react_81761008231745218942888,61146,ADVISOR
21-04-2025,08:08:46.288,GDhHAT8F6HjnpTgABMjx,Add task to project,Task description,tiny-react_36414685421745222923933,119873,ADVISOR
22-04-2025,04:18:54.087,GDiJCpEgtnsiNcYABh3R,Create Quiz Bank,Description,tiny-react_68705445321745295533541,61146,ADVISOR
22-04-2025,04:23:21.712,GDiJSODO31tDzmkABiFx,Edit Quest,Description,tiny-react_2972744941745295801356,61146,ADVISOR
22-04-2025,04:28:31.929,GDiJkRs02eBQhwYABiah,Edit Quest,Course Outcome,tiny-react_61338705751745296111595,61146,ADVISOR
22-04-2025,04:34:11.432,GDiJ4CchjolZbGMABioR,Edit Learning Path,Description,tiny-react_54179975421745296451215,61146,ADVISOR
22-04-2025,05:37:46.010,GDiNWE2w6BGAWj4ABkHB,Add task to project,Task description,tiny-react_69831651621745300264666,121092,ADVISOR
22-04-2025,05:42:56.761,GDiNoKfmPfqp4TUABkRx,Add task to project,Task description,tiny-react_9202012321745300575730,121092,ADVISOR
22-04-2025,05:43:46.195,GDiNrCpkTaPEKIwABkUR,Add task to project,Task description,tiny-react_47335317221745300625222,121092,ADVISOR
22-04-2025,05:46:24.914,GDiN0R7QpnVRHAMABkaB,Add task to project,Task description,tiny-react_38884046421745300783935,121092,ADVISOR
22-04-2025,05:47:02.282,GDiN2dIDGWzxmdIABkcB,Add task to project,Task description,tiny-react_15375548221745300821269,121092,ADVISOR
22-04-2025,05:49:24.643,GDiN,Add task to project,Task description,tiny-react_57821951721745300963597,121092,ADVISOR
22-04-2025,05:51:29.265,GDiOF_t9BsZwN1MABkoB,Add task to project,Task description,tiny-react_41845197021745301088295,121092,ADVISOR
22-04-2025,05:52:16.864,GDiOIxCoDufV40YABkqR,Add task to project,Task description,tiny-react_59976040721745301135846,121092,ADVISOR
22-04-2025,05:55:38.295,GDiOUfbbfHoEoq4ABk6B,Create Quiz Bank,Description,tiny-react_19513759821745301338134,61146,ADVISOR
22-04-2025,04:19:10.163,GDiJDk86e77HEy8ABiJh,Create Quiz Bank,Description,tiny-react_27731905321745295549950,61146,ADVISOR
22-04-2025,04:22:45.838,GDiJQIZ595YTaX4ABiQx,Create Quiz Bank,Description,tiny-react_14508583921745295765651,61146,ADVISOR
22-04-2025,04:22:52.134,GDiJQf3PoawTaX4ABiRh,Edit Quest,Course Outcome,tiny-react_51900121851745295769492,61146,ADVISOR
22-04-2025,04:23:28.153,GDiJSmCvNgKefD0ABiVR,Create Quiz Bank,Description,tiny-react_11656116421745295808032,61146,ADVISOR
22-04-2025,04:30:59.294,GDiJs2rGMbFfYQAABisB,Create Quiz Bank,Description,tiny-react_60805059831745296259202,61146,ADVISOR
22-04-2025,04:33:13.235,GDiJ0ppLYufPDF4ABi0B,Add task to project,Task description,tiny-react_22582402721745296391838,121092,ADVISOR
22-04-2025,05:10:36.491,GDiL3ObAWQkDW04ABjoR,Add task to project,Task description,tiny-react_85798582421745298634748,121092,ADVISOR
22-04-2025,05:44:20.035,GDiNtAtaR_9iWTIABkmB,Add task to project,Task description,tiny-react_90266098621745300659055,121092,ADVISOR
22-04-2025,05:45:59.661,GDiNyz2OGwBjwkgABkox,Add task to project,Task description,tiny-react_84009785221745300758637,121092,ADVISOR
22-04-2025,05:54:20.246,GDiOP8rC1K6529UABlEB,Create Quiz Bank,Description,tiny-react_50737162421745301259899,61146,ADVISOR
22-04-2025,05:54:48.296,GDiORlKecXO2eyQABlHB,Quest Scorecard,Email Body,tiny-react_92580017931745301287405,121092,ADVISOR
22-04-2025,05:19:53.710,GDiMXqOiVB2K2PgABjzB,Add task to project,Task description,tiny-react_83475761121745299192743,121092,ADVISOR
22-04-2025,05:22:10.675,GDiMfodbqMgSO8AABj3R,Add task to project,Task description,tiny-react_90757320821745299329616,121092,ADVISOR
22-04-2025,05:42:24.900,GDiNmTzPCtxgtTUABkXh,Add task to project,Task description,tiny-react_22950466721745300543809,121092,ADVISOR
22-04-2025,05:43:15.318,GDiNpPoEe22JC5cABkbx,Add task to project,Task description,tiny-react_5232459421745300594281,121092,ADVISOR
22-04-2025,04:19:13.364,GDiJDw4NivJX2yUABh_x,Create Quiz Bank,Description,tiny-react_65636939021745295553244,61146,ADVISOR
22-04-2025,04:22:52.111,GDiJQfxqfUpF0L8ABiHh,Edit Quest,Description,tiny-react_31602534741745295769492,61146,ADVISOR
22-04-2025,04:23:21.763,GDiJSOPSsdjsVdUABiKx,Edit Quest,Course Outcome,tiny-react_21570552051745295801357,61146,ADVISOR
22-04-2025,04:28:31.930,GDiJkRswoTT_TUMABigR,Edit Quest,Description,tiny-react_34439667641745296111595,61146,ADVISOR
22-04-2025,05:17:05.343,GDiMN2_wcWOTUn0ABjlB,Add task to project,Task description,tiny-react_31458733521745299024113,121092,ADVISOR
22-04-2025,05:18:18.772,GDiMSIjDOq5lCNgABjph,Add task to project,Task description,tiny-react_71887954421745299097802,121092,ADVISOR
22-04-2025,05:20:42.026,GDiMaeNuuP6aYLQABjxx,Add task to project,Task description,tiny-react_89313575221745299241076,121092,ADVISOR
22-04-2025,05:47:35.155,GDiN4XlxL9k0opIABklB,Add task to project,Task description,tiny-react_38515206421745300854158,121092,ADVISOR
22-04-2025,05:50:07.941,GDiOBQwo8ZGGBZkABktB,Add task to project,Task description,tiny-react_79780938921745301006945,121092,ADVISOR
22-04-2025,06:00:11.196,GDiOkYEDuZi2bYIABlIR,Edit Learning Path,Description,tiny-react_64918788521745301610847,61146,ADVISOR
23-04-2025,06:31:20.137,GDje2TffcbO0yFsACIRx,Create Quiz Bank,Description,tiny-react_99521264421745389878984,61146,ADVISOR
23-04-2025,08:32:18.296,GDjlcyPuOqlFm54ACLUh,Edit Quest,Description,tiny-react_4965497941745397138473,61146,ADVISOR
23-04-2025,09:06:23.685,GDjnT16VV5X5xA4ACL_R,Edit Learning Path,Description,tiny-react_51142735231745399184131,61146,ADVISOR
23-04-2025,09:11:37.694,GDjnmHsDQlyHygkACMFx,Create Activity,Description,tiny-react_56535848741745399498053,61146,ADVISOR
23-04-2025,09:17:11.275,GDjn5iXmSE8dsigACMNx,Edit Learning Path,Description,tiny-react_7320966321745399831347,61146,ADVISOR
23-04-2025,10:38:54.668,GDjsW8740Nmz43MACOgR,Quest Scorecard,Email Body,tiny-react_33156990331745404734004,61146,ADVISOR
23-04-2025,10:39:30.054,GDjsZAwcW,Quest Scorecard,Email Body,tiny-react_76127945331745404769389,61146,ADVISOR
23-04-2025,06:32:02.635,GDje4xznVvWr6GcACIoB,Create Quiz Bank,Description,tiny-react_96028602721745389922086,61146,ADVISOR
23-04-2025,06:33:30.230,GDje94IK3BErpbUACIqx,Create Quiz Bank,Description,tiny-react_50628779021745390009291,61146,ADVISOR
23-04-2025,06:38:01.876,GDjfNsFkaZSViccACI7h,Edit Learning Path,Description,tiny-react_46585658221745390281354,61146,ADVISOR
23-04-2025,07:19:27.662,GDjheYW7W0WEeJMACJyR,Create Activity,Description,tiny-react_32700812121745392767419,61146,ADVISOR
23-04-2025,08:19:25.002,GDjkvxfuZMyYN3kACLHR,Edit Quest,Description,tiny-react_12265159941745396364075,119879,ADVISOR
23-04-2025,08:32:54.109,GDjle3puNT78DiMACLsB,Create Activity,Description,tiny-react_60282115121745397174362,61146,ADVISOR
23-04-2025,09:21:26.846,GDjoIaO1kxoeOnsACMmh,Create Quiz Bank,Description,tiny-react_16076344131745400085714,61146,ADVISOR
23-04-2025,09:21:34.982,GDjoI4vwSX2R8QAACMnh,Create Quiz Bank,Description,tiny-react_71085097641745400094100,61146,ADVISOR
23-04-2025,06:36:10.923,GDjfHOwfEY8YKqcACIth,Edit Learning Path,Description,tiny-react_76733929121745390170448,61146,ADVISOR
23-04-2025,08:19:25.071,GDjkvxwaMMX,Edit Quest,Course Outcome,tiny-react_65841607051745396364075,119879,ADVISOR
23-04-2025,10:39:12.260,GDjsX,Quest Scorecard,Email Body,tiny-react_58318612931745404751667,61146,ADVISOR
23-04-2025,06:32:11.917,GDje5UYnv8srK2AACIfh,Create Quiz Bank,Description,tiny-react_48386093921745389931530,61146,ADVISOR
23-04-2025,08:31:21.844,GDjlZf8RXDAXz3gACLYR,Edit Learning Path,Description,tiny-react_22551956921745397081715,61146,ADVISOR
23-04-2025,08:32:18.297,GDjlcyPrZaq0ZKwACLgR,Edit Quest,Course Outcome,tiny-react_63570724051745397138473,61146,ADVISOR
23-04-2025,08:33:44.266,GDjlhyf6S0HnRGsACLkR,Add task to project,Task description,tiny-react_80634835221745397223391,119879,ADVISOR
23-04-2025,08:53:28.729,GDjmmu,Create Activity,Description,tiny-react_9447998631745398409117,61146,ADVISOR
23-04-2025,09:05:54.906,GDjnSKsqDQHK2mwACMJB,Edit Learning Path,Description,tiny-react_71127665621745399154815,61146,ADVISOR
23-04-2025,09:35:50.348,GDjo6rPYCnRhlssACMtx,Add task to project,Task description,tiny-react_21602847721745400949558,119879,ADVISOR
23-04-2025,10:38:35.200,GDjsV0aMeVpLYvIACOoh,Quest Scorecard,Email Body,tiny-react_38847123131745404714301,61146,ADVISOR
23-04-2025,10:39:47.107,GDjsaASPnKytzRUACOsR,Quest Scorecard,Email Body,tiny-react_87078496331745404786225,61146,ADVISOR
17-04-2025,14:55:52.151,GDci5hC3JHiWWdsAAA6x,Edit Quest,Description,tiny-react_30634431841744901750395,119997,ADVISOR
17-04-2025,14:56:44.597,GDci8ka64VoIqoUAAA8B,Edit Quest,Course Outcome,tiny-react_83879134851744901803164,119997,ADVISOR
17-04-2025,14:57:47.629,GDcjAPOxdx7BEnoAAA,Edit Learning Path,Description,tiny-react_50547160231744901866312,119997,ADVISOR
17-04-2025,14:55:52.178,GDci5hJCfXP8Pa0AABdR,Edit Quest,Course Outcome,tiny-react_17001620251744901750396,119997,ADVISOR
17-04-2025,15:00:48.236,GDcjKwCzqsURo6MAABoh,Edit Activity,Description,tiny-react_61989722621744902046467,119997,ADVISOR
17-04-2025,14:55:26.371,GDci4BAWU4T_GpIAABRh,Edit Learning Path,Description,tiny-react_74253172331744901724777,119997,ADVISOR
17-04-2025,14:58:11.003,GDcjBmTo7lxUIp8AABfB,Edit Quest,Description,tiny-react_73094555541744901889589,119997,ADVISOR
17-04-2025,14:56:44.563,GDci8kSKbdE_8EwAABUh,Edit Quest,Description,tiny-react_50640107041744901803163,119997,ADVISOR
17-04-2025,14:58:11.013,GDcjBmVyIkyon1sAABYx,Edit Quest,Course Outcome,tiny-react_13340783651744901889590,119997,ADVISOR
21-04-2025,07:00:52.857,GDhDTNOdh_67zB0ABK0R,Create Quiz Bank,Description,tiny-react_74788433121745218852442,61146,ADVISOR
21-04-2025,07:02:01.692,GDhDXNqJUj86MR0ABK7B,Create Quiz Bank,Description,tiny-react_40494844021745218921349,61146,ADVISOR
21-04-2025,10:35:14.453,GDhO_2Z5qki32pcABRXR,Add task to project,Task description,tiny-react_4300397721745231713606,61146,ADVISOR
21-04-2025,06:00:40.155,GDhAA63Jx7CH0BgABIuh,Add task to project,Task description,tiny-react_80969389821745215238625,121092,ADVISOR
21-04-2025,06:25:58.109,GDhBZRrn0UvuBmYABKBx,Add task to project,Task description,tiny-react_64241217621745216756490,121092,ADVISOR
21-04-2025,06:05:53.630,GDhATKpqc4kcHmwABI8x,Edit Quest,Description,tiny-react_32909815441745215553027,61146,ADVISOR
21-04-2025,07:01:12.824,GDhDUXnB,Create Quiz,Description,tiny-react_99647348421745218872499,61146,ADVISOR
21-04-2025,07:02:23.150,GDhDYdmHTK4Emd8ABLEh,Quiz Bank,Single-Correct-Question,tiny-react_81761008231745218942888,61146,ADVISOR
21-04-2025,08:08:46.288,GDhHAT8F6HjnpTgABMjx,Add task to project,Task description,tiny-react_36414685421745222923933,119873,ADVISOR
21-04-2025,06:05:53.658,GDhATKwAeUQGJKcABI2B,Edit Quest,Course Outcome,tiny-react_20585815351745215553027,61146,ADVISOR
21-04-2025,06:06:14.599,GDhAUYwrZiQJrHUABI5x,Edit Learning Path,Description,tiny-react_43338884521745215574194,61146,ADVISOR
21-04-2025,07:06:23.107,GDhDmbgCIrpcERIABLAh,Create Quiz Bank,Description,tiny-react_51251870821745219182746,61146,ADVISOR
21-04-2025,07:06:26.786,GDhDmpNNDZhcERIABLBx,Create Quiz Bank,Description,tiny-react_45841293121745219186446,61146,ADVISOR
